iter	RMSE
0	75959.01412
1000	18233.43378
2000	14668.28195
3000	12592.75625
4000	10945.41641
5000	9581.086981
6000	8461.419574
7000	7486.124006
8000	6717.178757
9000	6055.065588
9999	5515.283742
